market,symbol,name,tier
us,NVDA,NVIDIA,core
us,AMD,Advanced Micro Devices,core
us,AVGO,Broadcom,core
us,MRVL,Marvell Technology,core
us,INTC,Intel,core
us,ARM,Arm Holdings,core
us,QCOM,Qualcomm,core
us,AMAT,Applied Materials,core
us,LRCX,Lam Research,core
us,KLAC,KLA,core
us,TER,Teradyne,core
us,MU,Micron Technology,core
us,ANET,Arista Networks,core
us,CSCO,Cisco Systems,core
us,CIEN,Ciena,core
us,LITE,Lumentum,core
us,COHR,Coherent,core
us,FN,Fabrinet,core
us,APH,Amphenol,core
us,TEL,TE Connectivity,core
us,DELL,Dell Technologies,core
us,HPE,Hewlett Packard Enterprise,core
us,SMCI,Super Micro Computer,core
us,VRT,Vertiv,core
us,MOD,Modine Manufacturing,core
us,NVT,nVent Electric,core
us,ETN,Eaton,core
us,GEV,GE Vernova,core
us,HUBB,Hubbell,core
us,PWR,Quanta Services,core
us,MSFT,Microsoft,core
us,AMZN,Amazon,core
us,GOOGL,Alphabet,core
us,META,Meta Platforms,core
us,ORCL,Oracle,core
us,CRWV,CoreWeave,core
us,EQIX,Equinix,core
us,DLR,Digital Realty,core
us,PLTR,Palantir Technologies,core
us,NOW,ServiceNow,core
us,CRM,Salesforce,core
us,SNOW,Snowflake,core
us,DDOG,Datadog,core
us,TSLA,Tesla,core
us,ROK,Rockwell Automation,core
us,SYM,Symbotic,core
kr,005930,삼성전자,core
kr,000660,SK하이닉스,core
kr,042700,한미반도체,core
kr,403870,HPSP,core
kr,089030,테크윙,core
kr,036930,주성엔지니어링,core
kr,240810,원익IPS,core
kr,140860,파크시스템스,core
kr,319660,피에스케이,core
kr,348210,넥스틴,core
kr,095340,ISC,core
kr,058470,리노공업,core
kr,011790,SKC,core
kr,009150,삼성전기,core
kr,353200,대덕전자,core
kr,007660,이수페타시스,core
kr,267260,HD현대일렉트릭,core
kr,010120,LS ELECTRIC,core
kr,298040,효성중공업,core
kr,103590,일진전기,core
kr,083450,GST,core
kr,064400,LG CNS,core
kr,035420,NAVER,core
kr,018260,삼성SDS,core
kr,307950,현대오토에버,core
kr,204320,HL만도,core
kr,277810,레인보우로보틱스,core
kr,454910,두산로보틱스,core
kr,010170,대한광통신,fringe
kr,138080,오이솔루션,fringe
kr,069540,빛과전자,fringe
kr,017900,광전자,fringe
kr,072950,빛샘전자,fringe
kr,440110,파두,fringe
kr,020150,롯데에너지머티리얼즈,fringe
kr,356860,티엘비,fringe
kr,222800,심텍,fringe
kr,046970,우리로,fringe
kr,033100,제룡전기,fringe
kr,062040,산일전기,fringe
kr,056360,코위버,fringe
kr,399720,가온칩스,fringe
kr,432720,퀄리타스반도체,fringe
kr,336370,솔루스첨단소재,fringe
us,AAOI,Applied Optoelectronics,fringe
us,POET,POET Technologies,fringe
us,AXTI,AXT Inc,fringe
us,NVTS,Navitas Semiconductor,fringe
us,NBIS,Nebius Group,fringe
us,IREN,IREN,fringe
us,APLD,Applied Digital,fringe
us,CIFR,Cipher Mining,fringe
us,WULF,TeraWulf,fringe
us,LWLG,Lightwave Logic,fringe
us,AEHR,Aehr Test Systems,fringe
us,OKLO,Oklo,fringe
us,SMR,NuScale Power,fringe
