market,symbol,name,recordedAt,S3,S5,tam,share,margin,multiple,other,note
kr,020150,롯데에너지머티리얼즈,2026-09-29,,,68000,0.15,0.15,15,6000,"HVLP 전체 약 50억$(1,356.7원) + 전지박 0.6조. 낙관(30%·20%·PER20) 3.9배. 시총 2.23조(9/28)"
kr,138080,오이솔루션,2026-09-29,,,543000,0.005,0.10,20,,"광트랜시버 400억$. 낙관(점유율 1%) 3.2배. 시총 3,429억(9/28)"
kr,010120,LS일렉트릭,2026-09-29,,,950000,0.105,0.10,25,,"전력기기 95조(5년 뒤 매출 10조 가정). 시총 30.7조(9/28)"
kr,007660,이수페타시스,2026-09-29,,,244000,0.08,0.15,15,,"AI 고다층 PCB 180억$. 시총 8.24조(9/28)"
kr,000150,두산,2026-09-29,,,679000,0.05,0.18,18,,"CCL 470억$(모건스탠리 2030), 전자BG만. 지주사라 SOTP 필요. 시총 23.0조(9/28)"
kr,069540,빛과전자,2026-09-29,,,543000,0.001,0.10,20,,"광부품. 5년 적자. 시총 4,502억(9/28)"
kr,010170,대한광통신,2026-09-29,,,271000,0.02,0.06,15,,"광케이블 200억$. 시총 2.69조(9/28)"
us,CRDO,Credo Technology,2026-09-29,,,15000,0.35,0.40,30,,"회사 제시 TAM 100억$+ → 150억$ 가정. 낙관(250억$) 3.2배. 시총 368억$"
us,MOD,Modine Manufacturing,2026-09-29,,,30000,0.15,0.12,25,,"데이터센터 냉각 등. 분할·Gentherm 합병 연말 종료 예정. 시총 93억$(9/26)"
us,NVT,nVent Electric,2026-09-29,,,50000,0.16,0.15,25,,"데이터센터 전력·냉각. 시총 260억$(9/28)"
us,ALAB,Astera Labs,2026-09-29,,,20000,0.30,0.35,30,,"리타이머 40억$ + 스위치 140억$(회사 제시). 낙관 2.4배. 시총 609억$(9/29)"
us,NVTS,Navitas Semiconductor,2026-09-29,,,10000,0.05,0.20,30,,"GaN·SiC 전력. 낙관(10%·25%·PER35) 2.8배. 희석 위험. 시총 30.8억$(9/24)"
us,AXTI,AXT Inc,2026-09-29,,,1500,0.35,0.20,25,,"InP 기판(2030 전망 4.6억~24억$). 낙관 1.7배. 1년 시총 +2,318% — 텐배거 실현 후. 시총 52억$(9/29)"
us,AAOI,Applied Optoelectronics,2026-09-29,,,40000,0.05,0.10,20,,"광트랜시버 400억$. 시총 85.8억$(9/24)"
kr,241710,코스메카코리아,2026-09-29,,,22400,1,0.09,18,,"매출 기준: 5년 뒤 매출 2.24조(연 20%) × 순이익률 9% × PER18. 낙관(연 25%·10%·PER20) 4.1배. 시총 1.34조(9/28)"
kr,257720,실리콘투,2026-09-29,,,35000,1,0.15,15,,"매출 기준: 5년 뒤 매출 3.5조 × 순이익률 15% × PER15. 시총 2.54조(9/28)"
kr,251970,펌텍코리아,2026-09-29,,,9000,1,0.13,15,,"매출 기준: 5년 뒤 매출 9,000억(연 15%) × 13% × PER15. 시총 7,626억(9/28)"
kr,214450,파마리서치,2026-09-29,,,11500,1,0.28,20,,"매출 기준: 5년 뒤 매출 1.15조(연 12%) × 28% × PER20. 시총 3.32조(9/28)"
kr,214150,클래시스,2026-09-29,,,7000,1,0.30,20,,"매출 기준(현재 매출 확인 필요): 5년 뒤 7,000억 × 30% × PER20. 시총 2.01조(9/28)"
us,LEU,Centrus Energy,2026-09-29,,,4500,0.30,0.20,25,,"미국 농축(LEU+HALEU) 수요 45억$/년. 낙관(70억$·35%·25%) 5.3배. 시총 28.7억$(9/25)"
kr,052900,KX하이텍,2026-09-30,,,20000,0.25,0.12,12,350,"eSSD 케이스 2031 TAM 2조(추정, 공개 수치 없음) + 트레이 사업 350억. 낙관(3조·30%·15%·PER15) 약 15배. 시총 약 1,300억(9/30 1,151원)"
